Countries and territories,iso2,Ladder,SD of Ladder,Positive affect,Negative affect,Social support,Freedom,Corruption,Generosity,"Log of GDP
per capita","Healthy life
expectancy"
Afghanistan,AF,154,25,152,133,151,155,136,137,134,139
Albania,AL,107,126,90,108,133,87,134,60,81,40
Algeria,DZ,88,56,113,106,101,149,46,128,72,78
Andorra,AD,-1,-1,-1,-1,-1,-1,-1,-1,-1,-1
Antigua_and_Barbuda,AG,-1,-1,-1,-1,-1,-1,-1,-1,-1,-1
Argentina,AR,47,97,28,93,46,54,109,123,55,37
Armenia,AM,116,82,126,145,117,123,93,129,91,64
Australia,AU,11,26,47,37,7,17,13,6,18,10
Austria,AT,10,10,64,24,31,26,19,25,16,15
Azerbaijan,AZ,90,24,134,20,104,101,22,146,65,82
Bahamas,BS,-1,-1,-1,-1,-1,-1,-1,-1,-1,-1
Bahrain,BH,37,83,39,83,59,24,23,20,42,
Bangladesh,BD,125,52,145,68,126,27,36,107,119,90
Belarus,BY,81,22,149,36,33,131,37,103,58,76
Belgium,BE,18,7,57,53,22,53,20,44,21,26
Benin,BJ,102,149,118,148,153,103,75,116,128,133
Bhutan,BT,95,6,37,98,68,59,25,13,95,104
Bolivia,BO,61,71,70,138,93,35,91,104,101,94
Bosnia_and_Herzegovina,BA,78,80,116,79,92,137,145,32,82,50
Botswana,BW,148,125,87,65,105,60,54,150,66,113
Brazil,BR,32,116,69,105,43,84,71,108,70,72
Brunei_Darussalam,BN,-1,-1,-1,-1,-1,-1,-1,-1,-1,-1
Bulgaria,BG,97,47,117,13,18,115,147,112,56,65
Burkina_Faso,BF,115,92,115,117,116,127,47,125,137,136
Burundi,BI,145,138,98,126,152,135,23,149,151,135
Cambodia,KH,109,135,27,142,109,2,94,61,116,102
Cameroon,CM,96,131,106,129,129,90,120,91,121,141
Canada,CA,9,23,18,49,20,9,11,14,19,8
Central_African_Republic,CF,155,117,132,153,155,133,122,113,152,150
Chad,TD,132,139,136,151,141,142,80,106,133,148
Chile,CL,26,61,15,78,58,98,99,45,49,30
China,CN,93,72,21,11,108,31,133,68,34,
Colombia,CO,43,120,30,88,52,56,124,111,74,51
Comoros,KM,142,143,67,114,143,148,81,62,143,117
Democratic_Republic_of_the_Congo,CD,103,152,124,136,138,92,60,140,111,116
Costa_Rica,CR,12,62,4,87,42,16,58,75,67,28
Cote_dIvoire,CI,99,134,88,130,137,100,62,114,118,147
Croatia,HR,75,29,122,101,79,118,139,81,50,32
Cuba,CU,-1,-1,-1,-1,-1,-1,-1,-1,-1,-1
Cyprus,CY,49,95,60,99,90,81,115,39,33,6
Czech_Republic,CZ,20,20,74,22,24,58,121,117,32,31
Democratic_Republic_of_the_Congo,CD,127,78,125,95,107,125,106,127,149,140
Denmark,DK,2,13,24,26,4,6,3,22,14,23
Dominican_Republic,DO,77,155,66,77,55,43,52,93,69,80
Ecuador,EC,50,113,11,113,71,42,68,95,86,45
Egypt,EG,137,66,146,124,118,129,89,132,85,101
El_Salvador,SV,35,112,23,84,83,74,85,134,100,75
Equatorial_Guinea,GQ,-1,-1,-1,-1,-1,-1,-1,-1,-1,-1
Estonia,EE,55,32,50,6,12,45,30,83,37,41
Ethiopia,ET,134,38,100,74,119,106,53,99,135,115
Finland,FI,1,4,41,10,2,5,4,47,22,27
France,FR,24,19,56,66,32,69,21,68,25,5
Gabon,GA,104,105,111,144,95,119,103,143,59,108
Gambia,GM,120,142,29,109,125,89,26,64,139,130
Georgia,GE,119,51,141,43,147,104,28,153,87,84
Germany,DE,17,17,65,30,39,44,17,19,17,25
Ghana,GH,98,129,92,72,132,91,117,52,114,121
Greece,GR,82,87,102,94,102,150,123,152,46,21
Guatemala,GT,27,136,8,85,78,25,82,78,99,85
Guinea,GN,118,146,82,143,136,109,70,94,130,137
Guyana,GY,-1,-1,-1,-1,-1,-1,-1,-1,-1,-1
Haiti,HT,147,111,142,119,146,152,48,20,138,125
Holy_See,VA,-1,-1,-1,-1,-1,-1,-1,-1,-1,-1
Honduras,HN,59,151,13,73,84,39,79,51,113,57
"Hong Kong SAR, China",HK,76,33,105,28,76,66,14,18,9,
Hungary,HU,62,36,86,31,51,138,140,100,42,56
Iceland,IS,4,9,3,3,1,7,45,3,15,13
India,IN,140,41,93,115,142,41,73,65,103,105
Indonesia,ID,92,108,9,104,94,48,129,2,83,98
Iran,IR,117,109,109,150,134,117,44,28,54,77
Iraq,IQ,126,147,151,154,124,130,66,73,64,107
Ireland,IE,16,34,33,32,6,33,10,9,6,20
Israel,IL,13,14,104,69,38,93,74,24,31,11
Italy,IT,36,31,99,123,23,132,128,48,29,7
Jamaica,JM,56,102,51,51,28,49,130,119,93,55
Japan,JP,58,43,73,14,50,64,39,92,24,2
Jordan,JO,101,127,112,120,88,88,118,92,63,
Kazakhstan,KZ,60,40,81,5,19,80,57,57,47,88
Kenya,KE,121,118,59,46,123,72,105,26,122,106
Kuwait,KW,51,98,89,97,69,47,42,5,70,
Kyrgyzstan,KG,86,46,58,4,45,38,138,36,120,91
Laos,LA,105,59,5,112,120,22,27,34,102,112
Latvia,LV,53,30,119,38,34,126,92,105,43,68
Lebanon,LB,91,60,150,61,89,136,133,63,73,66
Lesotho,LS,144,150,72,64,98,97,59,151,124,149
Liberia,LR,141,156,103,146,127,94,126,110,150,126
Libya,LY,72,115,85,137,73,79,31,87,63,96
Liechtenstein,LI,-1,-1,-1,-1,-1,-1,-1,-1,-1,-1
Lithuania,LT,42,55,138,41,17,122,113,124,36,62
Luxembourg,LU,14,3,62,19,27,28,9,30,2,16
Madagascar,MG,143,77,46,96,128,146,116,136,144,111
Malawi,MW,150,132,129,110,150,65,64,109,147,119
Malaysia,MY,80,12,25,23,97,36,137,27,40,59
Maldives,MV,-1,-1,-1,-1,-1,-1,-1,-1,-1,-1
Mali,ML,128,96,48,122,112,110,107,138,129,142
Malta,MT,22,42,83,103,16,12,32,5,28,19
Mauritania,MR,122,68,94,58,99,151,67,148,117,120
Mauritius,MU,57,94,55,16,54,40,96,37,53,73
Mexico,MX,23,76,6,40,67,71,87,120,57,46
Moldova,MD,71,45,133,67,65,128,148,86,109,86
Monaco,MC,-1,-1,-1,-1,-1,-1,-1,-1,-1,-1
Mongolia,MN,83,48,95,17,10,112,119,38,80,97
Montenegro,ME,73,84,143,118,60,139,77,76,61,44
Morocco,MA,89,101,110,91,139,76,84,154,98,79
Mozambique,MZ,123,154,108,131,122,46,40,121,146,134
Myanmar,MM,131,70,45,86,96,29,24,1,106,110
Namibia,NA,113,106,75,59,70,82,98,142,89,122
Nepal,NP,100,128,137,134,87,67,65,46,127,95
Netherlands,NL,5,1,12,25,15,19,12,7,12,18
New_Zealand,NZ,8,15,22,12,5,8,5,8,26,14
Nicaragua,NI,45,133,31,125,66,70,43,71,108,53
Niger,NE,114,144,79,141,140,111,51,135,148,138
Nigeria,NG,85,130,61,55,111,75,114,59,107,145
North_Macedonia,MK,84,67,140,89,74,105,125,55,75,52
Norway,NO,3,8,16,29,3,3,8,11,7,12
Oman,OM,-1,-1,-1,-1,-1,-1,-1,-1,-1,-1
Pakistan,PK,67,53,130,111,130,114,55,58,110,114
Palestine,PS,110,110,128,140,82,134,90,147,112,
Panama,PA,31,121,7,48,41,32,104,88,51,33
Paraguay,PY,63,90,1,39,30,34,76,67,90,81
Peru,PE,65,114,36,127,77,61,132,126,76,47
Philippines,PH,69,119,42,116,75,15,49,115,97,99
Poland,PL,40,28,76,33,44,52,108,77,41,36
Portugal,PT,66,73,97,100,47,37,135,122,39,22
Qatar,QA,29,86,1,43,,,,,,
Romania,RO,48,75,80,62,86,57,146,102,48,61
Russia,RU,68,64,96,9,40,107,127,101,45,89
Rwanda,RW,152,63,54,102,144,21,2,90,132,103
Saint_Lucia,LC,-1,-1,-1,-1,-1,-1,-1,-1,-1,-1
Saint_Vincent_and_the_Grenadines,VC,-1,-1,-1,-1,-1,-1,-1,-1,-1,-1
San_Marino,SM,-1,-1,-1,-1,-1,-1,-1,-1,-1,-1
Saudi_Arabia,SA,28,93,49,82,62,68,82,11,74,
Senegal,SN,111,44,68,60,106,121,88,130,126,109
Serbia,RS,70,100,148,92,57,124,118,84,71,48
Seychelles,SC,-1,-1,-1,-1,-1,-1,-1,-1,-1,-1
Sierra Leone,SL,129,153,139,149,135,116,112,79,145,146
Singapore,SG,34,5,38,2,36,20,1,21,3,1
Slovakia,SK,38,39,53,47,21,108,142,70,35,38
Slovenia,SI,44,54,114,71,14,13,97,54,34,29
Somalia,SO,112,74,2,18,145,14,16,96,144,
South_Africa,ZA,106,124,40,80,63,85,102,89,77,123
South_Korea,KR,54,57,101,45,91,144,100,40,27,9
Spain,ES,30,21,107,107,26,95,78,50,30,3
Sri_Lanka,LK,130,91,32,81,80,55,111,35,79,54
Sudan,SD,156,140,127,152,148,154,61,85,140,143
Suriname,SR,-1,-1,-1,-1,-1,-1,-1,-1,-1,-1
Eswatini,SZ,135,104,26,57,103,113,41,145,96,
Sweden,SE,7,18,34,8,25,10,6,17,13,17
Switzerland,CH,6,11,44,21,13,11,7,16,8,4
Syria,SY,149,137,155,155,154,153,38,69,128,
Taiwan,TW,25,37,17,1,48,102,56,56,,
Tajikistan,TJ,74,50,120,54,113,86,35,72,123,92
United_Republic_of_Tanzania,TZ,153,122,78,50,131,78,34,49,125,118
Thailand,TH,52,81,20,35,53,18,131,10,62,58
Togo,TG,139,103,123,147,149,120,72,131,142,132
Trinidad_and_Tobago,TT,39,89,14,52,29,51,141,41,38,93
Tunisia,TN,124,79,147,132,121,143,101,144,84,67
Turkey,TR,79,58,154,121,61,140,50,98,44,69
Turkmenistan,TM,87,2,135,63,8,83,33,60,100,
Uganda,UG,136,148,91,139,114,99,95,74,136,127
Ukraine,UA,133,69,131,44,56,141,143,66,94,87
United_Arab_Emirates,AE,21,65,43,56,72,4,15,4,60,
United_Kingdom,GB,15,16,52,42,9,63,15,4,23,24
United_States_of_America,US,19,49,35,70,37,62,42,12,10,39
Uruguay,UY,33,88,10,76,35,30,33,80,52,35
Uzbekistan,UZ,41,99,19,15,11,1,18,29,104,83
Venezuela,VE,108,141,77,135,49,145,110,139,78,71
Vietnam,VN,94,27,121,27,64,23,86,97,105,49
"Yemen, Rep.",YE,151,85,153,75,100,147,83,155,141,124
Zambia,ZM,138,145,84,128,115,73,69,53,115,131
Zimbabwe,ZW,146,123,63,34,110,96,63,141,131,129
